ID,Department,School
RIA24,Research Institute on Addictions,Research Center and Institute
SSW13,School of Social Work,School of Social Work
RIA16,Research Institute on Addictions,Research Center and Institute
PSY17,Psychology,College of Arts and Sciences
PHS08,Pharmaceutical Sciences,School of Pharmacy and Pharmaceutical Sciences
PT09,Pharmacology & Toxicology,School of Medicine and Biomedical Sciences
PB14,Physiology & Biophysics,School of Medicine and Biomedical Sciences
GLY05,Geology,College of Arts and Sciences
GLY07,Geology,College of Arts and Sciences
OBL12,Oral Biology,School of Dental Medicine
OBL07,Oral Biology,School of Dental Medicine
EEH16,Epidemiology and Environmental Health,School of Public Health and Health Professions
LAW05,Law School,Law School
CHI04,Psychiatry,School of Medicine and Biomedical Sciences
CCR01,Center for Computational Research,Research Center and Institute
CCR02,Center for Computational Research,Research Center and Institute
FMM02,Family Medicine,School of Medicine and Biomedical Sciences
PHA02,Pharmacy,School of Pharmacy and Pharmaceutical Sciences
COM02,Communication,College of Arts and Sciences
PHY06,Physics,College of Arts and Sciences
PED02,Periodontics and Endodontics,School of Dental Medicine
BIO01,Biological Sciences,College of Arts and Sciences
BIO05,Biological Sciences,College of Arts and Sciences
CSE09,Computer Science and Engineering,School of Engineering and Applied Sciences
MIM03,Microbiology and Immunology,School of Medicine and Biomedical Sciences
CHE01,Chemistry,College of Arts and Sciences
BIO22,Biological Sciences,College of Arts and Sciences
GLY04,Geology,College of Arts and Sciences
CCR04,Center for Computational Research,Research Center and Institute
RES05,Rehabilitation Sciences,School of Public Health and Health Professions
RES06,Rehabilitation Sciences,School of Public Health and Health Professions
RES10,Rehabilitation Sciences,School of Public Health and Health Professions
BCH05,Biochemistry,School of Medicine and Biomedical Sciences
OMS01,Oral and Maxillofacial Surgery,School of Dental Medicine
EE04,Electrical Engineering,School of Engineering and Applied Sciences
EE13,Electrical Engineering,School of Engineering and Applied Sciences
EE17,Electrical Engineering,School of Engineering and Applied Sciences
LAI04,Learning and Instruction,Graduate School of Education
MIM04,Microbiology and Immunology,School of Medicine and Biomedical Sciences
MIM06,Microbiology and Immunology,School of Medicine and Biomedical Sciences
MAE04,Mechanical & Aerospace Engineering,School of Engineering and Applied Sciences
GLY03,Geology,College of Arts and Sciences
RIA03,Research Institute on Addictions,Research Center and Institute
SS03,University Libraries,School Service
SS13,University Libraries,School Service
SS24,University Libraries,School Service
GYN02,Gynecology & Obstetrics,School of Medicine and Biomedical Sciences
PB04,Physiology & Biophysics,School of Medicine and Biomedical Sciences
ELP06,Educational Leadership and Policy,Graduate School of Education
CE07,Chemical and Biological Engineering,School of Engineering and Applied Sciences
CHE08,Chemistry,College of Arts and Sciences
NEU02,Neurology,School of Medicine and Biomedical Sciences
CHE18,Chemistry,College of Arts and Sciences
CIE05,"Civil, Structural & Environmental Engineering",School of Engineering and Applied Sciences
CIE22,"Civil, Structural & Environmental Engineering",School of Engineering and Applied Sciences
URO01,Urology,School of Medicine and Biomedical Sciences
MDC11,Medicine,School of Medicine and Biomedical Sciences
MDC16,Medicine,School of Medicine and Biomedical Sciences
PB19,Physiology & Biophysics,School of Medicine and Biomedical Sciences
CDS16,Communicative Disorders & Sciences,College of Arts and Sciences
MAE17,Mechanical & Aerospace Engineering,School of Engineering and Applied Sciences
ODS02,Oral Diagnostic Sciences,School of Dental Medicine
IE01,Industrial and Systems Engineering,School of Engineering and Applied Sciences
MDC34,Medicine,School of Medicine and Biomedical Sciences
CIE14,"Civil, Structural & Environmental Engineering",School of Engineering and Applied Sciences
PB02,Physiology & Biophysics,School of Medicine and Biomedical Sciences
CHI09,Psychiatry,School of Medicine and Biomedical Sciences
EE16,Electrical Engineering,School of Engineering and Applied Sciences
MAE12,Mechanical & Aerospace Engineering,School of Engineering and Applied Sciences
CCR03,Center for Computational Research,Research Center and Institute
CCR06,Center for Computational Research,Research Center and Institute
MTH12,Mathematics,College of Arts and Sciences
SUR06,Surgery,School of Medicine and Biomedical Sciences
SUR07,Surgery,School of Medicine and Biomedical Sciences
CE17,Chemical and Biological Engineering,School of Engineering and Applied Sciences
CDS05,Communicative Disorders & Sciences,College of Arts and Sciences
CSE06,Computer Science and Engineering,School of Engineering and Applied Sciences
CSE37,Computer Science and Engineering,School of Engineering and Applied Sciences
RES02,Rehabilitation Sciences,School of Public Health and Health Professions
CIE24,"Civil, Structural & Environmental Engineering",School of Engineering and Applied Sciences
EE06,Electrical Engineering,School of Engineering and Applied Sciences
CHI03,Psychiatry,School of Medicine and Biomedical Sciences
CHD03,Center for Hearing & Deafness,College of Arts and Sciences
CSEP01,"Counseling, School and Educational Psychology",Graduate School of Education
CSEP04,"Counseling, School and Educational Psychology",Graduate School of Education
CHE03,Chemistry,College of Arts and Sciences
CSE07,Computer Science and Engineering,School of Engineering and Applied Sciences
CE18,Chemical and Biological Engineering,School of Engineering and Applied Sciences
EEH02,Epidemiology and Environmental Health,School of Public Health and Health Professions
BST05,Biostatistics,School of Public Health and Health Professions
PHS09,Pharmaceutical Sciences,School of Pharmacy and Pharmaceutical Sciences
CSE16,Computer Science and Engineering,School of Engineering and Applied Sciences
MGS02,Management Science and Systems,School of Management
LIS04,Library and Information Studies,Graduate School of Education
LAI01,Learning and Instruction,Graduate School of Education
COM03,Communication,College of Arts and Sciences
PB06,Physiology & Biophysics,School of Medicine and Biomedical Sciences
PB15,Physiology & Biophysics,School of Medicine and Biomedical Sciences
CSE21,Computer Science and Engineering,School of Engineering and Applied Sciences
MAE05,Mechanical & Aerospace Engineering,School of Engineering and Applied Sciences
LAI10,Learning and Instruction,Graduate School of Education
CIE03,"Civil, Structural & Environmental Engineering",School of Engineering and Applied Sciences
BCH02,Biochemistry,School of Medicine and Biomedical Sciences
OBL03,Oral Biology,School of Dental Medicine
MAE22,Mechanical & Aerospace Engineering,School of Engineering and Applied Sciences
CE13,Chemical and Biological Engineering,School of Engineering and Applied Sciences
EE27,Electrical Engineering,School of Engineering and Applied Sciences
PHY20,Physics,College of Arts and Sciences
BCLS01,Biotechnical and Clinical Laboratory Sciences,School of Medicine and Biomedical Sciences
EEH13,Epidemiology and Environmental Health,School of Public Health and Health Professions
CIE02,"Civil, Structural & Environmental Engineering",School of Engineering and Applied Sciences
MAE18,Mechanical & Aerospace Engineering,School of Engineering and Applied Sciences
GEO08,Geography,College of Arts and Sciences
MGO01,Operations Management and Strategy,School of Management
ILPB05,Institute for Lasers Photonics and Biophotonics,Research Center and Institute
PEI43,Pediatrics,School of Medicine and Biomedical Sciences
CHHB03,Community Health and Health Behavior,School of Public Health and Health Professions
PEI46,Pediatrics,School of Medicine and Biomedical Sciences
FMM05,Family Medicine,School of Medicine and Biomedical Sciences
CIE01,"Civil, Structural & Environmental Engineering",School of Engineering and Applied Sciences
CIE23,"Civil, Structural & Environmental Engineering",School of Engineering and Applied Sciences
CIE18,"Civil, Structural & Environmental Engineering",School of Engineering and Applied Sciences
BST08,Biostatistics,School of Public Health and Health Professions
PT11,Pharmacology & Toxicology,School of Medicine and Biomedical Sciences
MIM09,Microbiology and Immunology,School of Medicine and Biomedical Sciences
CEDI01,NYS Center for Engineering Design and Industrial Innovation,School of Engineering and Applied Sciences
PEI07,Pediatrics,School of Medicine and Biomedical Sciences
ORH04,Orthopaedics,School of Medicine and Biomedical Sciences
PB11,Physiology & Biophysics,School of Medicine and Biomedical Sciences
PT07,Pharmacology & Toxicology,School of Medicine and Biomedical Sciences
BCH20,Biochemistry,School of Medicine and Biomedical Sciences
BCH08,Biochemistry,School of Medicine and Biomedical Sciences
PEI39,Pediatrics,School of Medicine and Biomedical Sciences
BIO24,Biological Sciences,College of Arts and Sciences
ANE01,Anesthesiology,School of Medicine and Biomedical Sciences
RIA01,Research Institute on Addictions,Research Center and Institute
FMM04,Family Medicine,School of Medicine and Biomedical Sciences
PAS02,Pathology and Anatomical Sciences,School of Medicine and Biomedical Sciences
ANE03,Anesthesiology,School of Medicine and Biomedical Sciences
MDC21,Medicine,School of Medicine and Biomedical Sciences
FMM09,Family Medicine,School of Medicine and Biomedical Sciences
PT19,Pharmacology & Toxicology,School of Medicine and Biomedical Sciences
EOC03,Educational Opportunity Center,Research Center and Institute
ENG06,English,College of Arts and Sciences
EE29,Electrical Engineering,School of Engineering and Applied Sciences
CDS10,Communicative Disorders & Sciences,College of Arts and Sciences
CE04,Chemical and Biological Engineering,School of Engineering and Applied Sciences
PT18,Pharmacology & Toxicology,School of Medicine and Biomedical Sciences
BCH14,Biochemistry,School of Medicine and Biomedical Sciences
CSEP03,"Counseling, School and Educational Psychology",Graduate School of Education
CDS08,Communicative Disorders & Sciences,College of Arts and Sciences
ODS06,Oral Diagnostic Sciences,School of Dental Medicine
ODS07,Oral Diagnostic Sciences,School of Dental Medicine
FMM15,Family Medicine,School of Medicine and Biomedical Sciences
PEI45,Pediatrics,School of Medicine and Biomedical Sciences
PEI22,Pediatrics,School of Medicine and Biomedical Sciences
OBL02,Oral Biology,School of Dental Medicine
PGL01,Pharmaceutical Genetics Laboratory,School of Pharmacy and Pharmaceutical Sciences
PHS07,Pharmaceutical Sciences,School of Pharmacy and Pharmaceutical Sciences
BST01,Biostatistics,School of Public Health and Health Professions
ODS12,Oral Diagnostic Sciences,School of Dental Medicine
ILPB06,Institute for Lasers Photonics and Biophotonics,Research Center and Institute
ILPB04,Institute for Lasers Photonics and Biophotonics,Research Center and Institute
CHE10,Chemistry,College of Arts and Sciences
LAI07,Learning and Instruction,Graduate School of Education
DO02,"College of Arts and Sciences, Dean's Office",College of Arts and Sciences
ILPB02,Institute for Lasers Photonics and Biophotonics,Research Center and Institute
PAS07,Pathology and Anatomical Sciences,School of Medicine and Biomedical Sciences
CHE05,Chemistry,College of Arts and Sciences
CIE06,"Civil, Structural & Environmental Engineering",School of Engineering and Applied Sciences
CIE08,"Civil, Structural & Environmental Engineering",School of Engineering and Applied Sciences
PB21,Physiology & Biophysics,School of Medicine and Biomedical Sciences
CHD04,Center for Hearing & Deafness,College of Arts and Sciences
PT15,Pharmacology & Toxicology,School of Medicine and Biomedical Sciences
PHY22,Physics,College of Arts and Sciences
PT02,Pharmacology & Toxicology,School of Medicine and Biomedical Sciences
PHS02,Pharmaceutical Sciences,School of Pharmacy and Pharmaceutical Sciences
MIM02,Microbiology and Immunology,School of Medicine and Biomedical Sciences
EE14,Electrical Engineering,School of Engineering and Applied Sciences
PSY03,Psychology,College of Arts and Sciences
CEDI02,NYS Center for Engineering Design and Industrial Innovation,School of Engineering and Applied Sciences
MAE13,Mechanical & Aerospace Engineering,School of Engineering and Applied Sciences
BST09,Biostatistics,School of Public Health and Health Professions
SNG03,School of Nursing,School of Nursing
PHA10,Pharmacy,School of Pharmacy and Pharmaceutical Sciences
FMM03,Family Medicine,School of Medicine and Biomedical Sciences
RIA04,Research Institute on Addictions,Research Center and Institute
RIA11,Research Institute on Addictions,Research Center and Institute
RIA18,Research Institute on Addictions,Research Center and Institute
PSY01,Psychology,College of Arts and Sciences
RIA08,Research Institute on Addictions,Research Center and Institute
NEU03,Neurology,School of Medicine and Biomedical Sciences
EMPG01,Engineering Minority Programs,School of Engineering and Applied Sciences
IE06,Industrial and Systems Engineering,School of Engineering and Applied Sciences
MDC37,Medicine,School of Medicine and Biomedical Sciences
MDC03,Medicine,School of Medicine and Biomedical Sciences
MDC10,Medicine,School of Medicine and Biomedical Sciences
MDC17,Medicine,School of Medicine and Biomedical Sciences
LAI18,Learning and Instruction,Graduate School of Education
RIA17,Research Institute on Addictions,Research Center and Institute
STOR02,"Science, Technology Transfer and Economic Outreach",Research Center and Institute
EEH03,Epidemiology and Environmental Health,School of Public Health and Health Professions
MDC01,Medicine,School of Medicine and Biomedical Sciences
CEPP01,Center of Excellence in Pharmacokinetics and Pharmacodynamics,School of Pharmacy and Pharmaceutical Sciences
OBL11,Oral Biology,School of Dental Medicine
RIA02,Research Institute on Addictions,Research Center and Institute
MIM05,Microbiology and Immunology,School of Medicine and Biomedical Sciences
CSE30,Computer Science and Engineering,School of Engineering and Applied Sciences
EEH15,Epidemiology and Environmental Health,School of Public Health and Health Professions
CDS02,Communicative Disorders & Sciences,College of Arts and Sciences
IE02,Industrial and Systems Engineering,School of Engineering and Applied Sciences
IE07,Industrial and Systems Engineering,School of Engineering and Applied Sciences
ENS07,Exercise and Nutrition Sciences,School of Public Health and Health Professions
ENS09,Exercise and Nutrition Sciences,School of Public Health and Health Professions
GEO13,Geography,College of Arts and Sciences
BIO25,Biological Sciences,College of Arts and Sciences
URP02,Urban and Regional Planning,School of Architecture and Planning
RTD05,Restorative Dentistry,School of Dental Medicine
RTD02,Restorative Dentistry,School of Dental Medicine
RTD03,Restorative Dentistry,School of Dental Medicine
COM08,Communication,College of Arts and Sciences
HIS03,History,College of Arts and Sciences
CSE05,Computer Science and Engineering,School of Engineering and Applied Sciences
URP06,Urban and Regional Planning,School of Architecture and Planning
CSE34,Computer Science and Engineering,School of Engineering and Applied Sciences
PHA14,Pharmacy,School of Pharmacy and Pharmaceutical Sciences
MDC13,Medicine,School of Medicine and Biomedical Sciences
CHHB01,Community Health and Health Behavior,School of Public Health and Health Professions
RIA05,Research Institute on Addictions,Research Center and Institute
RIA06,Research Institute on Addictions,Research Center and Institute
RIA12,Research Institute on Addictions,Research Center and Institute
RIA13,Research Institute on Addictions,Research Center and Institute
BST14,Biostatistics,School of Public Health and Health Professions
BST02,Biostatistics,School of Public Health and Health Professions
NER06,Neurosurgery,School of Medicine and Biomedical Sciences
NER03,Neurosurgery,School of Medicine and Biomedical Sciences
CHE25,Chemistry,College of Arts and Sciences
CHE12,Chemistry,College of Arts and Sciences
SSW15,School of Social Work,School of Social Work
URP04,Urban and Regional Planning,School of Architecture and Planning
URP05,Urban and Regional Planning,School of Architecture and Planning
CSEP05,"Counseling, School and Educational Psychology",Graduate School of Education
PEI15,Pediatrics,School of Medicine and Biomedical Sciences
SEEL01,Student Engagement & Experiential Learning,Research Center and Institute
CSEP10,"Counseling, School and Educational Psychology",Graduate School of Education
PCD02,Pediatric and Community Dentistry,School of Dental Medicine
RTD06,Restorative Dentistry,School of Dental Medicine
EE05,Electrical Engineering,School of Engineering and Applied Sciences
PHY09,Physics,College of Arts and Sciences
MDC02,Medicine,School of Medicine and Biomedical Sciences
NER08,Neurosurgery,School of Medicine and Biomedical Sciences
PT05,Pharmacology & Toxicology,School of Medicine and Biomedical Sciences
BCH07,Biochemistry,School of Medicine and Biomedical Sciences
EEH04,Epidemiology and Environmental Health,School of Public Health and Health Professions
MDC39,Medicine,School of Medicine and Biomedical Sciences
ENS06,Exercise and Nutrition Sciences,School of Public Health and Health Professions
RIA10,Research Institute on Addictions,Research Center and Institute
RES03,Rehabilitation Sciences,School of Public Health and Health Professions
GEO03,Geography,College of Arts and Sciences
CSEP09,"Counseling, School and Educational Psychology",Graduate School of Education
CHD02,Center for Hearing & Deafness,College of Arts and Sciences
RES14,Rehabilitation Sciences,School of Public Health and Health Professions
PEI17,Pediatrics,School of Medicine and Biomedical Sciences
RAD01,Radiology,School of Medicine and Biomedical Sciences
NER02,Neurosurgery,School of Medicine and Biomedical Sciences
RAD02,Radiology,School of Medicine and Biomedical Sciences
PSY18,Psychology,College of Arts and Sciences
CE02,Chemical and Biological Engineering,School of Engineering and Applied Sciences
APY02,Anthropology,College of Arts and Sciences
PB08,Physiology & Biophysics,School of Medicine and Biomedical Sciences
PT10,Pharmacology & Toxicology,School of Medicine and Biomedical Sciences
RTD04,Restorative Dentistry,School of Dental Medicine
OBL10,Oral Biology,School of Dental Medicine
SNG05,School of Nursing,School of Nursing
CSE13,Computer Science and Engineering,School of Engineering and Applied Sciences
CSE35,Computer Science and Engineering,School of Engineering and Applied Sciences
LAW07,Law School,Law School
NEU01,Neurology,School of Medicine and Biomedical Sciences
NUM01,Nuclear Medicine,School of Medicine and Biomedical Sciences
NUM03,Nuclear Medicine,School of Medicine and Biomedical Sciences
CSE27,Computer Science and Engineering,School of Engineering and Applied Sciences
CSE19,Computer Science and Engineering,School of Engineering and Applied Sciences
BCH04,Biochemistry,School of Medicine and Biomedical Sciences
EEH01,Epidemiology and Environmental Health,School of Public Health and Health Professions
EEH05,Epidemiology and Environmental Health,School of Public Health and Health Professions
MGM01,Marketing,School of Management
CEDI03,NYS Center for Engineering Design and Industrial Innovation,School of Engineering and Applied Sciences
MAE11,Mechanical & Aerospace Engineering,School of Engineering and Applied Sciences
BME01,Biomedical Engineering,School of Engineering and Applied Sciences
PHA05,Pharmacy,School of Pharmacy and Pharmaceutical Sciences
ENG04,English,College of Arts and Sciences
BST07,Biostatistics,School of Public Health and Health Professions
GLY06,Geology,College of Arts and Sciences
PHS01,Pharmaceutical Sciences,School of Pharmacy and Pharmaceutical Sciences
CE01,Chemical and Biological Engineering,School of Engineering and Applied Sciences
ILPB01,Institute for Lasers Photonics and Biophotonics,Research Center and Institute
URP03,Urban and Regional Planning,School of Architecture and Planning
URP07,Urban and Regional Planning,School of Architecture and Planning
ORH07,Orthopaedics,School of Medicine and Biomedical Sciences
RIA15,Research Institute on Addictions,Research Center and Institute
MIM18,Microbiology and Immunology,School of Medicine and Biomedical Sciences
D001,"College of Arts and Sciences, Dean's Office",College of Arts and Sciences
GLY17,Geology,College of Arts and Sciences
COM06,Communication,College of Arts and Sciences
GEO02,Geography,College of Arts and Sciences
CE10,Chemical and Biological Engineering,School of Engineering and Applied Sciences
MDC36,Medicine,School of Medicine and Biomedical Sciences
MDC20,Medicine,School of Medicine and Biomedical Sciences
NER01,Neurosurgery,School of Medicine and Biomedical Sciences
MTH03,Mathematics,College of Arts and Sciences
MAE06,Mechanical & Aerospace Engineering,School of Engineering and Applied Sciences
BCH22,Biochemistry,School of Medicine and Biomedical Sciences
PEI44,Pediatrics,School of Medicine and Biomedical Sciences
BST06,Biostatistics,School of Public Health and Health Professions
EEH12,Epidemiology and Environmental Health,School of Public Health and Health Professions
MAE25,Mechanical & Aerospace Engineering,School of Engineering and Applied Sciences
PEI40,Pediatrics,School of Medicine and Biomedical Sciences
EEH17,Epidemiology and Environmental Health,School of Public Health and Health Professions
EE07,Electrical Engineering,School of Engineering and Applied Sciences
MAE08,Mechanical & Aerospace Engineering,School of Engineering and Applied Sciences
CIE12,"Civil, Structural & Environmental Engineering",School of Engineering and Applied Sciences
CIE26,"Civil, Structural & Environmental Engineering",School of Engineering and Applied Sciences
MAE26,Mechanical & Aerospace Engineering,School of Engineering and Applied Sciences
CSE26,Computer Science and Engineering,School of Engineering and Applied Sciences
CSE04,Computer Science and Engineering,School of Engineering and Applied Sciences
NEU08,Neurology,School of Medicine and Biomedical Sciences
BIO03,Biological Sciences,College of Arts and Sciences
MDC25,Medicine,School of Medicine and Biomedical Sciences
PHI02,Philosophy,College of Arts and Sciences
MIM07,Microbiology and Immunology,School of Medicine and Biomedical Sciences
ODS04,Oral Diagnostic Sciences,School of Dental Medicine
PCD01,Pediatric and Community Dentistry,School of Dental Medicine
PEI04,Pediatrics,School of Medicine and Biomedical Sciences
BCLS02,Biotechnical and Clinical Laboratory Sciences,School of Medicine and Biomedical Sciences
ORH03,Orthopaedics,School of Medicine and Biomedical Sciences
SNG18,School of Nursing,School of Nursing
ENS08,Exercise and Nutrition Sciences,School of Public Health and Health Professions
IE10,Industrial and Systems Engineering,School of Engineering and Applied Sciences
RES09,Rehabilitation Sciences,School of Public Health and Health Professions
MGM02,Marketing,School of Management
PHA03,Pharmacy,School of Pharmacy and Pharmaceutical Sciences
JACOB,Jacobs Management Center,School of Management
SUR02,Surgery,School of Medicine and Biomedical Sciences
ART02,Art,College of Arts and Sciences
DMS04,Media Study,College of Arts and Sciences
DMS03,Media Study,College of Arts and Sciences
OMS02,Oral and Maxillofacial Surgery,School of Dental Medicine
EE08,Electrical Engineering,School of Engineering and Applied Sciences
PHA08,Pharmacy,School of Pharmacy and Pharmaceutical Sciences
SNG11,School of Nursing,School of Nursing
CHHB08,Community Health and Health Behavior,School of Public Health and Health Professions
CHHB04,Community Health and Health Behavior,School of Public Health and Health Professions
CHHB05,Community Health and Health Behavior,School of Public Health and Health Professions
MDC33,Medicine,School of Medicine and Biomedical Sciences
MDC41,Medicine,School of Medicine and Biomedical Sciences
PSY19,Psychology,College of Arts and Sciences
ORT01,Orthodontics,School of Dental Medicine
NER04,Neurosurgery,School of Medicine and Biomedical Sciences
URP09,Urban and Regional Planning,School of Architecture and Planning
LIS03,Library and Information Studies,Graduate School of Education
STOR01,"Science, Technology Transfer and Economic Outreach",Research Center and Institute
STOR03,"Science, Technology Transfer and Economic Outreach",Research Center and Institute
CBLS01,NYS Center of Excellence in Bioinformatics and Life Sciences,Research Center and Institute
TCIE01,Center for Industrial Effectiveness,School of Engineering and Applied Sciences
MAE16,Mechanical & Aerospace Engineering,School of Engineering and Applied Sciences
BCLS03,Biotechnical and Clinical Laboratory Sciences,School of Medicine and Biomedical Sciences
LAI03,Learning and Instruction,Graduate School of Education
RIA26,Research Institute on Addictions,Research Center and Institute
PSY04,Psychology,College of Arts and Sciences
BIO17,Biological Sciences,College of Arts and Sciences
CE15,Chemical and Biological Engineering,School of Engineering and Applied Sciences
GLY16,Geology,College of Arts and Sciences
PED04,Periodontics and Endodontics,School of Dental Medicine
ODS09,Oral Diagnostic Sciences,School of Dental Medicine
CHE11,Chemistry,College of Arts and Sciences
SNG19,School of Nursing,School of Nursing
PHY12,Physics,College of Arts and Sciences
PED06,Periodontics and Endodontics,School of Dental Medicine
PHS05,Pharmaceutical Sciences,School of Pharmacy and Pharmaceutical Sciences
CEDAR01,Center of Excellence for Document Analysis & Recognition,School of Engineering and Applied Sciences
BIO02,Biological Sciences,College of Arts and Sciences
IE15,Industrial and Systems Engineering,School of Engineering and Applied Sciences
OPH08,Ophthalmology,School of Medicine and Biomedical Sciences
RES11,Rehabilitation Sciences,School of Public Health and Health Professions
BCH15,Biochemistry,School of Medicine and Biomedical Sciences
EE22,Electrical Engineering,School of Engineering and Applied Sciences
LAI14,Learning and Instruction,Graduate School of Education
GLY08,Geology,College of Arts and Sciences
SS16,University Libraries,School Service
ELP01,Educational Leadership and Policy,Graduate School of Education
CE12,Chemical and Biological Engineering,School of Engineering and Applied Sciences
CHE21,Chemistry,College of Arts and Sciences
PSY09,Psychology,College of Arts and Sciences
PEI47,Pediatrics,School of Medicine and Biomedical Sciences
ILPB07,Institute for Lasers Photonics and Biophotonics,Research Center and Institute
ODS08,Oral Diagnostic Sciences,School of Dental Medicine
ARC06,Architecture,School of Architecture and Planning
PEI48,Pediatrics,School of Medicine and Biomedical Sciences
PB10,Physiology & Biophysics,School of Medicine and Biomedical Sciences
CHI07,Psychiatry,School of Medicine and Biomedical Sciences
PHY10,Physics,College of Arts and Sciences
PAS03,Pathology and Anatomical Sciences,School of Medicine and Biomedical Sciences
SUR09,Surgery,School of Medicine and Biomedical Sciences
MIM10,Microbiology and Immunology,School of Medicine and Biomedical Sciences
NUM06,Nuclear Medicine,School of Medicine and Biomedical Sciences
CSE28,Computer Science and Engineering,School of Engineering and Applied Sciences
RES15,Rehabilitation Sciences,School of Public Health and Health Professions
EE11,Electrical Engineering,School of Engineering and Applied Sciences
CSEP08,"Counseling, School and Educational Psychology",Graduate School of Education
CHE20,Chemistry,College of Arts and Sciences
IE08,Industrial and Systems Engineering,School of Engineering and Applied Sciences
CSE32,Computer Science and Engineering,School of Engineering and Applied Sciences
CSE23,Computer Science and Engineering,School of Engineering and Applied Sciences
LIS02,Library and Information Studies,Graduate School of Education
LAI20,Learning and Instruction,Graduate School of Education
PB16,Physiology & Biophysics,School of Medicine and Biomedical Sciences
MAE23,Mechanical & Aerospace Engineering,School of Engineering and Applied Sciences
IE04,Industrial and Systems Engineering,School of Engineering and Applied Sciences
BST12,Biostatistics,School of Public Health and Health Professions
OBL08,Oral Biology,School of Dental Medicine
PHY19,Physics,College of Arts and Sciences
EEH11,Epidemiology and Environmental Health,School of Public Health and Health Professions
FMM11,Family Medicine,School of Medicine and Biomedical Sciences
CIE21,"Civil, Structural & Environmental Engineering",School of Engineering and Applied Sciences
CIE17,"Civil, Structural & Environmental Engineering",School of Engineering and Applied Sciences
IE13,Industrial and Systems Engineering,School of Engineering and Applied Sciences
EEH08,Epidemiology and Environmental Health,School of Public Health and Health Professions
MDC24,Medicine,School of Medicine and Biomedical Sciences
CHI06,Psychiatry,School of Medicine and Biomedical Sciences
TRC01,Toxicology Research Center,Research Center and Institute
ENS11,Exercise and Nutrition Sciences,School of Public Health and Health Professions
PEI41,Pediatrics,School of Medicine and Biomedical Sciences
BIO27,Biological Sciences,College of Arts and Sciences
PEI26,Pediatrics,School of Medicine and Biomedical Sciences
FMM10,Family Medicine,School of Medicine and Biomedical Sciences
PHA19,Pharmacy,School of Pharmacy and Pharmaceutical Sciences
DO03,"College of Arts and Sciences, Dean's Office",College of Arts and Sciences
CHE26,Chemistry,College of Arts and Sciences
CDS06,Communicative Disorders & Sciences,College of Arts and Sciences
OBL13,Oral Biology,School of Dental Medicine
BST10,Biostatistics,School of Public Health and Health Professions
PT16,Pharmacology & Toxicology,School of Medicine and Biomedical Sciences
PHY04,Physics,College of Arts and Sciences
ANE04,Anesthesiology,School of Medicine and Biomedical Sciences
EE19,Electrical Engineering,School of Engineering and Applied Sciences
PEI16,Pediatrics,School of Medicine and Biomedical Sciences
SNG15,School of Nursing,School of Nursing
RIA22,Research Institute on Addictions,Research Center and Institute
CPMC02,Cora P Maloney College,Research Center and Institute
BST11,Biostatistics,School of Public Health and Health Professions
LAI21,Learning and Instruction,Graduate School of Education
RIA19,Research Institute on Addictions,Research Center and Institute
MDC28,Medicine,School of Medicine and Biomedical Sciences
COM11,Communication,College of Arts and Sciences
PHS15,Pharmaceutical Sciences,School of Pharmacy and Pharmaceutical Sciences
PED07,Periodontics and Endodontics,School of Dental Medicine
MIM20,Microbiology and Immunology,School of Medicine and Biomedical Sciences
CSE36,Computer Science and Engineering,School of Engineering and Applied Sciences
CHHB07,Community Health and Health Behavior,School of Public Health and Health Professions
DMS01,Media Study,College of Arts and Sciences
CHD01,Center for Hearing & Deafness,College of Arts and Sciences
COM05,Communication,College of Arts and Sciences
PAS04,Pathology and Anatomical Sciences,School of Medicine and Biomedical Sciences
CSE31,Computer Science and Engineering,School of Engineering and Applied Sciences
RTD07,Restorative Dentistry,School of Dental Medicine
CSE11,Computer Science and Engineering,School of Engineering and Applied Sciences
CUS01,Center for Urban Studies,School of Architecture and Planning
FMM07,Family Medicine,School of Medicine and Biomedical Sciences
PHS12,Pharmaceutical Sciences,School of Pharmacy and Pharmaceutical Sciences
SSW16,School of Social Work,School of Social Work
ELP03,Educational Leadership and Policy,Graduate School of Education
PEI27,Pediatrics,School of Medicine and Biomedical Sciences
SEEL02,Student Engagement & Experiential Learning,Research Center and Institute
SDDO01,Dean's Office,School of Dental Medicine
EE24,Electrical Engineering,School of Engineering and Applied Sciences
MDC32,Medicine,School of Medicine and Biomedical Sciences
PT13,Pharmacology & Toxicology,School of Medicine and Biomedical Sciences
EE25,Electrical Engineering,School of Engineering and Applied Sciences
MDC42,Medicine,School of Medicine and Biomedical Sciences
EEH10,Epidemiology and Environmental Health,School of Public Health and Health Professions
BCH21,Biochemistry,School of Medicine and Biomedical Sciences
ENS10,Exercise and Nutrition Sciences,School of Public Health and Health Professions
RIA27,Research Institute on Addictions,Research Center and Institute
PHS11,Pharmaceutical Sciences,School of Pharmacy and Pharmaceutical Sciences
IE12,Industrial and Systems Engineering,School of Engineering and Applied Sciences
CIE13,"Civil, Structural & Environmental Engineering",School of Engineering and Applied Sciences
BST13,Biostatistics,School of Public Health and Health Professions
PEI32,Pediatrics,School of Medicine and Biomedical Sciences
PSY13,Psychology,College of Arts and Sciences
APY07,Anthropology,College of Arts and Sciences
PAS08,Pathology and Anatomical Sciences,School of Medicine and Biomedical Sciences
OBL09,Oral Biology,School of Dental Medicine
SNG14,School of Nursing,School of Nursing
CSE14,Computer Science and Engineering,School of Engineering and Applied Sciences
PHA13,Pharmacy,School of Pharmacy and Pharmaceutical Sciences
MAE28,Mechanical & Aerospace Engineering,School of Engineering and Applied Sciences
CHE27,Chemistry,College of Arts and Sciences
ENS02,Exercise and Nutrition Sciences,School of Public Health and Health Professions
LAI22,Learning and Instruction,Graduate School of Education
GLY12,Geology,College of Arts and Sciences
CE14,Chemical and Biological Engineering,School of Engineering and Applied Sciences
URP08,Urban and Regional Planning,School of Architecture and Planning
MIM12,Microbiology and Immunology,School of Medicine and Biomedical Sciences
MAE10,Mechanical & Aerospace Engineering,School of Engineering and Applied Sciences
SS14,Center For The Arts,School Service
CIE20,"Civil, Structural & Environmental Engineering",School of Engineering and Applied Sciences
MDC27,Medicine,School of Medicine and Biomedical Sciences
PEI19,Pediatrics,School of Medicine and Biomedical Sciences
SS15,Student Health and Wellness,School Service
PEI49,Pediatrics,School of Medicine and Biomedical Sciences
EE30,Electrical Engineering,School of Engineering and Applied Sciences
CIE27,"Civil, Structural & Environmental Engineering",School of Engineering and Applied Sciences
CSEP07,"Counseling, School and Educational Psychology",Graduate School of Education
PEI50,Pediatrics,School of Medicine and Biomedical Sciences
CHE14,Chemistry,College of Arts and Sciences
ODS10,Oral Diagnostic Sciences,School of Dental Medicine
SUR03,Surgery,School of Medicine and Biomedical Sciences
PSY20,Psychology,College of Arts and Sciences
ORT02,Orthodontics,School of Dental Medicine
LIS05,Library and Information Studies,Graduate School of Education
STOR04,"Science, Technology Transfer and Economic Outreach",Research Center and Institute
NER05,Neurosurgery,School of Medicine and Biomedical Sciences
LAI09,Learning and Instruction,Graduate School of Education
IE09,Industrial and Systems Engineering,School of Engineering and Applied Sciences
STEP02,Science and Technology Enrichment Program,Graduate School of Education
SNG17,School of Nursing,School of Nursing
FMM08,Family Medicine,School of Medicine and Biomedical Sciences
BIO19,Biological Sciences,College of Arts and Sciences
BCH18,Biochemistry,School of Medicine and Biomedical Sciences
CHE23,Chemistry,College of Arts and Sciences
BIO20,Biological Sciences,College of Arts and Sciences
BIO07,Biological Sciences,College of Arts and Sciences
ODS13,Oral Diagnostic Sciences,School of Dental Medicine
PSY10,Psychology,College of Arts and Sciences
MDC19,Medicine,School of Medicine and Biomedical Sciences
LIN01,Linguistics,College of Arts and Sciences
BIO18,Biological Sciences,College of Arts and Sciences
ENS04,Exercise and Nutrition Sciences,School of Public Health and Health Professions
MTH06,Mathematics,College of Arts and Sciences
GLY02,Geology,College of Arts and Sciences
CDS15,Communicative Disorders & Sciences,College of Arts and Sciences
LAI11,Learning and Instruction,Graduate School of Education
BIO16,Biological Sciences,College of Arts and Sciences
MIM15,Microbiology and Immunology,School of Medicine and Biomedical Sciences
CPMC01,Cora P Maloney College,Research Center and Institute
BIO21,Biological Sciences,College of Arts and Sciences
CHE22,Chemistry,College of Arts and Sciences
MAE09,Mechanical & Aerospace Engineering,School of Engineering and Applied Sciences
APY01,Anthropology,College of Arts and Sciences
BIO12,Biological Sciences,College of Arts and Sciences
BIO04,Biological Sciences,College of Arts and Sciences
PHA21,Pharmacy,School of Pharmacy and Pharmaceutical Sciences
MAE20,Mechanical & Aerospace Engineering,School of Engineering and Applied Sciences
MIM16,Microbiology and Immunology,School of Medicine and Biomedical Sciences
GEO09,Geography,College of Arts and Sciences
BIO08,Biological Sciences,College of Arts and Sciences
IE14,Industrial and Systems Engineering,School of Engineering and Applied Sciences
BIO13,Biological Sciences,College of Arts and Sciences
CRSE01,Center for Research and Education in Special Environments,Research Center and Institute
LAW06,Law School,Law School
OPH02,Ophthalmology,School of Medicine and Biomedical Sciences
PSY05,Psychology,College of Arts and Sciences
SS09,Arts and Sciences Library,School Service
ENG05,English,College of Arts and Sciences
PEI25,Pediatrics,School of Medicine and Biomedical Sciences
CHE07,Chemistry,College of Arts and Sciences
PHA04,Pharmacy,School of Pharmacy and Pharmaceutical Sciences
SSW11,School of Social Work,School of Social Work
ART01,Art,College of Arts and Sciences
CHI08,Psychiatry,School of Medicine and Biomedical Sciences
MIM11,Microbiology and Immunology,School of Medicine and Biomedical Sciences
GEO12,Geography,College of Arts and Sciences
CEL01,Center for Entrepreneurial Leadership,School of Management
ARC05,Architecture,School of Architecture and Planning
APY11,Anthropology,College of Arts and Sciences
RES13,Rehabilitation Sciences,School of Public Health and Health Professions
RTD01,Restorative Dentistry,School of Dental Medicine
PHS10,Pharmaceutical Sciences,School of Pharmacy and Pharmaceutical Sciences
EEH14,Epidemiology and Environmental Health,School of Public Health and Health Professions
CDS09,Communicative Disorders & Sciences,College of Arts and Sciences
SS11,Health Sciences Library,School Service
SSW03,School of Social Work,School of Social Work
BCH17,Biochemistry,School of Medicine and Biomedical Sciences
SNG10,School of Nursing,School of Nursing
MIM19,Microbiology and Immunology,School of Medicine and Biomedical Sciences
CCR05,Center for Computational Research,Research Center and Institute
LIN03,Linguistics,College of Arts and Sciences
PHS03,Pharmaceutical Sciences,School of Pharmacy and Pharmaceutical Sciences
PEI08,Pediatrics,School of Medicine and Biomedical Sciences
COF02,Communications Officer,School of Architecture and Planning
MAE02,Mechanical & Aerospace Engineering,School of Engineering and Applied Sciences
SS12,WBFO,School Service
MDC40,Medicine,School of Medicine and Biomedical Sciences
PHS06,Pharmaceutical Sciences,School of Pharmacy and Pharmaceutical Sciences
PHA24,Pharmacy,School of Pharmacy and Pharmaceutical Sciences
MTH15,Mathematics,College of Arts and Sciences
NEU13,Neurology,School of Medicine and Biomedical Sciences
NEU16,Neurology,School of Medicine and Biomedical Sciences
CE08,Chemical and Biological Engineering,School of Engineering and Applied Sciences
CE06,Chemical and Biological Engineering,School of Engineering and Applied Sciences
BCH10,Biochemistry,School of Medicine and Biomedical Sciences
NEU10,Neurology,School of Medicine and Biomedical Sciences
CHE17,Chemistry,College of Arts and Sciences
CSE01,Computer Science and Engineering,School of Engineering and Applied Sciences
OPH01,Ophthalmology,School of Medicine and Biomedical Sciences
PHS14,Pharmaceutical Sciences,School of Pharmacy and Pharmaceutical Sciences
MTH02,Mathematics,College of Arts and Sciences
SNG16,School of Nursing,School of Nursing
LAI13,Learning and Instruction,Graduate School of Education
PED05,Periodontics and Endodontics,School of Dental Medicine
MTH11,Mathematics,College of Arts and Sciences
PT17,Pharmacology & Toxicology,School of Medicine and Biomedical Sciences
MAE03,Mechanical & Aerospace Engineering,School of Engineering and Applied Sciences
PHY21,Physics,College of Arts and Sciences
CDS12,Communicative Disorders & Sciences,College of Arts and Sciences
PT14,Pharmacology & Toxicology,School of Medicine and Biomedical Sciences
PB01,Physiology & Biophysics,School of Medicine and Biomedical Sciences
CL01,Classics,College of Arts and Sciences
BIO23,Biological Sciences,College of Arts and Sciences
CDS03,Communicative Disorders & Sciences,College of Arts and Sciences
CHE13,Chemistry,College of Arts and Sciences
PHY17,Physics,College of Arts and Sciences
PHA23,Pharmacy,School of Pharmacy and Pharmaceutical Sciences
PSC03,Political Science,College of Arts and Sciences
PHA22,Pharmacy,School of Pharmacy and Pharmaceutical Sciences
SCO05,Sociology,College of Arts and Sciences
CHHB02,Community Health and Health Behavior,School of Public Health and Health Professions
CIE25,"Civil, Structural & Environmental Engineering",School of Engineering and Applied Sciences
ANE02,Anesthesiology,School of Medicine and Biomedical Sciences
APY05,Anthropology,College of Arts and Sciences
PEI02,Pediatrics,School of Medicine and Biomedical Sciences
OBL01,Oral Biology,School of Dental Medicine
EEH09,Epidemiology and Environmental Health,School of Public Health and Health Professions
PEI42,Pediatrics,School of Medicine and Biomedical Sciences
ENS05,Exercise and Nutrition Sciences,School of Public Health and Health Professions
EE20,Electrical Engineering,School of Engineering and Applied Sciences
EEH07,Epidemiology and Environmental Health,School of Public Health and Health Professions
CHI05,Psychiatry,School of Medicine and Biomedical Sciences
RLL03,Romance Languages and Literature,College of Arts and Sciences
FMM14,Family Medicine,School of Medicine and Biomedical Sciences
NEU21,Neurology,School of Medicine and Biomedical Sciences
CDS14,Communicative Disorders & Sciences,College of Arts and Sciences
PSY08,Psychology,College of Arts and Sciences
PHY14,Physics,College of Arts and Sciences
CHE06,Chemistry,College of Arts and Sciences
GYN05,Gynecology & Obstetrics,School of Medicine and Biomedical Sciences
SUR08,Surgery,School of Medicine and Biomedical Sciences
BCH11,Biochemistry,School of Medicine and Biomedical Sciences
MDC31,Medicine,School of Medicine and Biomedical Sciences
BCH19,Biochemistry,School of Medicine and Biomedical Sciences
PB13,Physiology & Biophysics,School of Medicine and Biomedical Sciences
PSC02,Political Science,College of Arts and Sciences
SNG07,School of Nursing,School of Nursing
NUM02,Nuclear Medicine,School of Medicine and Biomedical Sciences
PB17,Physiology & Biophysics,School of Medicine and Biomedical Sciences
PSY15,Psychology,College of Arts and Sciences
CIE15,"Civil, Structural & Environmental Engineering",School of Engineering and Applied Sciences
CE16,Chemical and Biological Engineering,School of Engineering and Applied Sciences
NEU20,Neurology,School of Medicine and Biomedical Sciences
RIA25,Research Institute on Addictions,Research Center and Institute
MTH08,Mathematics,College of Arts and Sciences
SSW04,School of Social Work,School of Social Work
URO02,Urology,School of Medicine and Biomedical Sciences
PSY02,Psychology,College of Arts and Sciences
CE09,Chemical and Biological Engineering,School of Engineering and Applied Sciences
ELP05,Educational Leadership and Policy,Graduate School of Education
CHE24,Chemistry,College of Arts and Sciences
NEU18,Neurology,School of Medicine and Biomedical Sciences
CHE19,Chemistry,College of Arts and Sciences
NER07,Neurosurgery,School of Medicine and Biomedical Sciences
MDC12,Medicine,School of Medicine and Biomedical Sciences
CSE10,Computer Science and Engineering,School of Engineering and Applied Sciences
LAW04,Law School,Law School
CSE29,Computer Science and Engineering,School of Engineering and Applied Sciences
APY09,Anthropology,College of Arts and Sciences
NEU12,Neurology,School of Medicine and Biomedical Sciences
CSEP02,"Counseling, School and Educational Psychology",Graduate School of Education
LAI15,Learning and Instruction,Graduate School of Education
MTH13,Mathematics,College of Arts and Sciences
PHY18,Physics,College of Arts and Sciences
NUM04,Nuclear Medicine,School of Medicine and Biomedical Sciences
PB07,Physiology & Biophysics,School of Medicine and Biomedical Sciences
SS04,General Library Access Services,School Service
CSE20,Computer Science and Engineering,School of Engineering and Applied Sciences
BIO11,Biological Sciences,College of Arts and Sciences
LIN06,Linguistics,College of Arts and Sciences
SS10,Health Sciences Library,School Service
NUM05,Nuclear Medicine,School of Medicine and Biomedical Sciences
CHHB06,Community Health and Health Behavior,School of Public Health and Health Professions
SSW14,School of Social Work,School of Social Work
MIM17,Microbiology and Immunology,School of Medicine and Biomedical Sciences
PB20,Physiology & Biophysics,School of Medicine and Biomedical Sciences
BCH09,Biochemistry,School of Medicine and Biomedical Sciences
BCH06,Biochemistry,School of Medicine and Biomedical Sciences
BME03,Biomedical Engineering,School of Engineering and Applied Sciences
LIS01,Library and Information Studies,Graduate School of Education
RES01,Rehabilitation Sciences,School of Public Health and Health Professions
SNG08,School of Nursing,School of Nursing
EE09,Electrical Engineering,School of Engineering and Applied Sciences
GEO04,Geography,College of Arts and Sciences
MDC15,Medicine,School of Medicine and Biomedical Sciences
CDS13,Communicative Disorders & Sciences,College of Arts and Sciences
ELP04,Educational Leadership and Policy,Graduate School of Education
GLY13,Geology,College of Arts and Sciences
CHE16,Chemistry,College of Arts and Sciences
COM07,Communication,College of Arts and Sciences
LAI16,Learning and Instruction,Graduate School of Education
MTH14,Mathematics,College of Arts and Sciences
NEU19,Neurology,School of Medicine and Biomedical Sciences
MTH07,Mathematics,College of Arts and Sciences
ENS03,Exercise and Nutrition Sciences,School of Public Health and Health Professions
SDDO02,Dean's Office,School of Dental Medicine
DMS02,Media Study,College of Arts and Sciences
OPH06,Ophthalmology,School of Medicine and Biomedical Sciences
SSW10,School of Social Work,School of Social Work
MDC06,Medicine,School of Medicine and Biomedical Sciences
NEU05,Neurology,School of Medicine and Biomedical Sciences
SS08,Office of Vice Provost for International Education,School Service
PB05,Physiology & Biophysics,School of Medicine and Biomedical Sciences
MAE27,Mechanical & Aerospace Engineering,School of Engineering and Applied Sciences
PHS13,Pharmaceutical Sciences,School of Pharmacy and Pharmaceutical Sciences
MDC35,Medicine,School of Medicine and Biomedical Sciences
EE03,Electrical Engineering,School of Engineering and Applied Sciences
BIO10,Biological Sciences,College of Arts and Sciences
EE26,Electrical Engineering,School of Engineering and Applied Sciences
PED03,Periodontics and Endodontics,School of Dental Medicine
BCLS04,Biotechnical and Clinical Laboratory Sciences,School of Medicine and Biomedical Sciences
PSY14,Psychology,College of Arts and Sciences
MDC55,Medicine,School of Medicine and Biomedical Sciences
MDC38,Medicine,School of Medicine and Biomedical Sciences
APY12,Anthropology,College of Arts and Sciences
RES12,Rehabilitation Sciences,School of Public Health and Health Professions
LAI19,Learning and Instruction,Graduate School of Education
LAI17,Learning and Instruction,Graduate School of Education
APY10,Anthropology,College of Arts and Sciences
SUR05,Surgery,School of Medicine and Biomedical Sciences
SS02,University Police,School Service
EE28,Electrical Engineering,School of Engineering and Applied Sciences
MTH05,Mathematics,College of Arts and Sciences
PSY16,Psychology,College of Arts and Sciences
OPH07,Ophthalmology,School of Medicine and Biomedical Sciences
OUPP01,Office for University Preparatory Programs,Graduate School of Education
PHA09,Pharmacy,School of Pharmacy and Pharmaceutical Sciences
CSEP11,"Counseling, School and Educational Psychology",Graduate School of Education
CAT03,Center for Assistive Technology,School of Public Health and Health Professions
SSW02,School of Social Work,School of Social Work
LGRG01,Institute for Local Governance And Regional Growth,Research Center and Institute
PHA16,Pharmacy,School of Pharmacy and Pharmaceutical Sciences
SUR04,Surgery,School of Medicine and Biomedical Sciences
